-479.801,525.846,953.93,-301.627,683.5,930.24,-439.428,761.576,590.91,-481.97,658.142,446.602,-608.593,705.021,259.586,-604.756,598.083,46.5454,-474.963,591.577,17.5171,-284.945,433.423,932.576,-228.389,330.322,602.588,-202.865,432.755,456.111,-215.71,370.361,237.899,-109.273,470.125,51.0498,26.0254,493.648,58.7239
-454.11,525.179,949.426,-278.105,685.669,925.903,-419.743,761.91,587.74,-465.954,657.141,445.935,-599.918,702.685,263.09,-603.088,596.582,50.0488,-475.297,589.408,14.3473,-257.918,435.258,927.738,-206.535,329.488,595.414,-181.844,432.922,450.272,-179.342,371.529,231.225,-55.0537,471.793,54.2195,79.9113,497.151,69.5678
-428.251,524.678,945.756,-253.581,688.505,922.566,-399.389,762.243,584.904,-448.938,656.474,444.267,-590.576,700.516,267.094,-600.753,595.914,54.3864,-474.63,588.24,13.5132,-231.225,436.759,923.567,-181.51,329.988,590.075,-157.821,433.756,446.269,-144.975,372.029,225.72,-18.1844,478.3,51.5503,117.615,499.153,73.9054
-401.558,524.345,942.586,-227.055,690.173,919.73,-377.201,762.41,583.069,-427.917,656.974,443.099,-578.064,700.683,273.6,-597.583,597.082,60.2254,-473.962,588.24,13.3463,-204.199,437.427,921.565,-153.984,332.491,586.238,-129.293,435.591,445.268,-120.451,374.365,223.718,3.50342,476.965,50.7161,138.635,501.155,66.8986
-373.531,524.512,940.083,-199.027,690.34,916.894,-352.51,762.744,581.901,-404.061,657.975,442.098,-560.713,703.353,279.439,-593.078,599.752,68.0664,-473.128,588.741,13.5132,-176.339,437.427,920.064,-122.119,333.826,587.907,-98.4293,437.427,445.434,-104.769,377.535,224.052,10.6771,477.966,43.8761,144.975,503.658,51.0498
-344.669,525.012,939.082,-169.665,689.005,914.559,-325.818,763.244,581.067,-375.867,659.31,440.596,-537.858,707.356,286.78,-586.238,603.255,78.4098,-471.293,589.408,14.1805,-147.644,436.426,920.564,-92.4235,335.661,589.241,-69.7347,439.095,445.601,-88.9201,380.538,225.053,12.1785,481.47,37.5366,147.143,504.659,34.7005
-315.474,525.179,939.75,-138.969,685.836,913.724,-293.786,763.912,580.399,-343.835,660.978,438.094,-513.334,711.527,295.121,-575.394,607.092,91.5893,-468.29,590.409,15.5151,-118.282,435.258,923.734,-65.0634,337.829,591.744,-44.7103,440.096,447.27,-62.3942,382.206,229.224,24.3571,481.636,40.7064,158.988,507.662,27.6937
-286.446,526.013,943.42,-108.105,683.667,915.226,-255.416,766.08,580.399,-305.131,664.148,438.261,-481.47,716.032,306.966,-557.877,611.096,107.605,-464.119,591.243,16.6829,-89.2537,434.257,928.739,-38.0371,339.331,595.914,-20.1864,441.264,450.106,-46.8791,382.039,234.729,31.5307,481.803,41.3737,164.16,513.501,18.3512
-258.085,526.68,946.757,-78.9103,682.499,918.062,-215.043,768.917,580.566,-260.254,670.821,435.591,-444.767,717.033,320.98,-532.019,614.599,125.956,-456.946,591.41,18.8517,-61.0595,432.922,934.078,-9.50927,339.831,600.419,4.17073,442.932,451.941,-29.0283,378.703,234.062,34.8673,482.47,41.5405,168.331,514.669,17.1834
-230.892,527.348,949.926,-51.3834,681.331,919.897,-169.332,772.42,577.897,-209.371,675.659,431.588,-400.557,715.865,334.993,-498.987,616.935,145.642,-444.433,591.744,26.1922,-34.2,431.754,938.749,19.519,340.499,604.59,26.5259,443.933,452.108,-10.5103,374.365,234.729,36.3688,483.138,41.5405,170.333,514.835,16.3493
-204.866,527.348,952.762,-24.8576,680.33,921.065,-123.12,775.256,574.393,-155.652,679.329,426.249,-353.511,715.531,346.171,-460.115,618.603,165.995,-426.75,592.578,39.3717,-7.84098,430.587,941.919,41.2069,339.665,606.425,39.8722,441.597,453.609,-2.8361,373.531,239.734,36.5356,482.971,41.5405,170.5,514.669,15.8488
-179.842,527.014,955.932,-1.00098,679.83,924.735,-86.5844,776.758,575.061,-103.101,682.332,426.916,-300.293,717.533,356.181,-416.072,618.937,184.68,-385.543,595.914,58.5571,18.1844,430.086,944.588,54.3864,337.162,605.757,49.3815,439.428,453.609,0.667317,371.195,240.401,36.202,481.803,41.3737,170.166,514.335,15.8488
-155.652,526.513,959.269,22.0215,679.996,928.239,-52.2176,776.924,577.396,-51.3834,685.168,430.753,-245.906,719.034,365.356,-368.359,618.103,201.363,-340.332,603.589,71.7366,43.5425,430.253,947.924,65.7308,334.827,605.591,57.8898,437.593,453.609,3.16976,369.861,240.902,35.8683,480.969,40.8732,169.999,513.834,15.682
-131.795,525.846,962.439,44.7103,680.497,932.409,-17.3503,775.923,580.9,-1.33463,687.17,437.927,-190.519,718.701,373.865,-312.972,619.104,208.37,-279.773,611.096,79.0771,67.8995,430.92,951.261,77.0752,333.492,605.924,65.8976,436.259,453.609,4.33756,369.861,241.402,35.7015,480.469,40.8732,169.832,513.334,15.682
-107.939,525.012,965.775,67.5659,680.33,936.747,18.5181,774.589,584.737,48.2137,687.337,445.935,-135.966,716.699,382.039,-254.915,619.938,209.037,-217.212,618.27,82.9142,91.5893,430.253,955.599,90.5883,333.325,605.757,74.2391,435.758,453.442,5.50537,370.361,242.904,35.3678,480.302,41.04,169.332,512.833,15.682
-83.9152,524.011,968.945,90.922,679.496,940.918,54.72,773.755,588.908,96.761,686.503,454.443,-83.5815,714.03,390.214,-195.024,621.773,203.532,-146.643,623.441,80.0781,115.112,429.586,955.932,104.936,333.492,605.09,81.5796,435.091,453.109,7.84098,370.194,244.405,35.3678,480.302,41.04,169.165,512.5,15.682
-59.8917,523.677,970.947,114.779,678.495,944.421,90.922,773.588,593.412,142.139,686.169,462.951,-35.201,712.028,388.879,-133.297,623.608,192.688,-73.2381,628.947,74.9064,138.802,428.751,955.432,119.116,333.659,604.256,87.2518,433.589,452.608,10.8439,369.861,245.072,35.5347,480.302,41.04,168.831,511.999,15.0146
-36.202,523.844,971.948,138.802,677.661,946.59,127.624,774.255,597.75,185.181,686.169,470.459,10.6771,710.693,380.871,-68.0664,625.61,175.004,3.67025,634.619,67.2322,162.325,427.75,954.931,132.796,333.826,603.422,93.7581,432.422,452.441,13.8468,369.527,245.906,35.3678,479.968,41.3737,167.997,510.998,14.5142
-12.3454,524.678,971.781,163.493,676.993,947.924,164.327,775.923,602.087,226.221,686.336,475.964,57.0556,711.527,368.359,0,627.445,154.984,83.2478,639.624,57.5561,185.681,426.75,953.763,146.81,333.992,602.254,101.599,432.088,452.274,16.6829,369.36,247.742,35.3678,479.634,41.8742,167.497,510.164,14.1805
11.5112,526.013,970.446,188.684,676.326,948.592,200.195,778.092,605.257,264.758,686.503,479.301,106.27,715.031,350.842,71.403,629.447,132.963,165.328,643.794,47.2127,209.204,425.582,952.262,160.99,334.493,600.419,109.44,431.921,451.44,19.3522,369.861,249.577,35.5347,479.801,42.2078,167.497,509.83,13.8468
36.0351,527.848,968.111,214.209,675.659,947.424,234.395,779.76,606.425,300.126,686.336,479.968,157.654,719.368,328.988,144.641,631.449,110.441,250.077,647.298,38.0371,233.061,424.581,949.926,175.838,334.993,598.25,117.782,431.754,450.606,21.8546,370.528,250.578,35.7015,479.968,42.5415,167.663,509.33,13.5132
60.7259,529.683,965.942,240.401,675.492,944.755,266.26,780.261,605.757,332.991,686.002,478.467,209.371,723.873,305.798,224.052,633.618,88.4196,336.995,650.468,30.0293,256.917,424.08,946.59,191.353,335.661,596.081,127.291,431.754,449.939,25.0244,371.195,252.246,35.8683,480.302,43.042,168.164,509.163,13.3463
86.5844,532.019,962.605,267.427,675.659,941.418,294.454,779.76,603.088,361.019,685.168,475.63,257.585,728.377,283.61,302.795,637.288,70.402,423.58,652.803,29.6956,281.274,423.913,942.419,207.703,336.161,593.078,138.468,432.088,448.938,29.5288,372.196,254.748,36.3688,480.802,44.0429,168.498,509.163,12.8459
112.777,534.354,959.436,295.288,676.159,938.081,319.478,780.261,598.751,384.542,685.168,467.456,309.802,729.712,262.089,382.373,641.125,55.0537,508.996,654.805,31.0303,306.132,424.08,937.915,224.886,336.995,589.909,151.314,432.922,447.603,35.201,373.531,257.418,37.2029,481.636,45.7112,168.664,508.996,12.679
139.303,536.857,955.932,324.149,676.66,934.244,343.335,782.43,594.246,406.73,684.501,459.281,355.847,730.212,245.072,456.779,644.962,47.5464,585.237,656.807,39.3717,331.657,424.748,933.41,243.404,337.829,587.073,166.162,433.589,446.602,41.8742,375.366,260.587,38.3708,482.47,48.2137,168.998,508.83,12.5122
166.996,540.193,951.928,353.178,677.16,930.074,362.353,783.931,588.574,427.75,683.5,451.44,398.555,730.212,232.393,523.01,649.133,46.2117,652.47,658.642,49.7151,357.682,425.081,929.24,262.756,338.497,584.57,182.178,434.09,445.601,49.7151,377.201,264.591,39.8722,482.971,51.5503,169.499,508.996,12.3454
195.19,543.363,948.425,382.373,677.494,925.736,381.205,783.931,583.569,447.937,682.999,444.6,435.925,729.712,223.385,576.395,650.968,47.2127,705.688,659.977,59.8917,384.375,425.248,925.569,282.943,338.83,582.401,200.195,434.924,444.433,59.7249,378.369,269.93,42.2078,482.971,56.2215,170.166,508.996,12.0117
223.718,546.366,945.422,412.903,677.995,924.068,412.235,783.264,580.566,470.626,681.832,439.595,470.459,732.715,220.548,615.767,651.302,49.3815,746.228,657.308,64.3961,411.735,425.415,922.733,305.298,338.997,580.733,221.049,435.425,443.766,73.2381,378.536,276.77,46.0449,481.636,62.8947,171.167,509.33,12.0117
253.08,549.035,943.253,443.266,678.995,923.067,443.933,782.263,578.898,499.153,681.665,438.761,502.99,737.386,220.048,638.956,649.3,45.0439,769.584,650.968,60.2254,440.763,426.082,920.564,330.823,339.331,579.565,245.239,435.425,443.266,89.4205,377.702,283.944,51.5503,478.967,71.403,172.502,509.163,12.0117
283.61,551.705,942.085,473.962,680.664,922.566,476.131,781.262,578.564,534.188,681.998,439.262,527.014,738.554,220.548,646.964,645.296,38.5376,779.427,641.793,45.5444,471.293,427.75,919.063,360.185,339.331,578.731,272.432,434.924,442.598,111.609,374.866,291.951,59.5581,475.13,81.9132,174.003,508.83,12.3454
314.473,553.873,942.92,505.66,683.166,921.565,512.5,781.929,580.399,568.721,682.165,439.262,549.202,738.387,222.217,654.305,641.793,34.8673,784.765,635.954,30.1961,502.49,430.086,918.562,393.717,339.498,578.231,307.3,434.09,441.097,138.802,371.529,300.793,69.401,470.292,93.5913,176.839,508.162,12.5122
345.003,555.542,944.588,536.023,685.502,926.904,547.2,782.597,583.235,592.745,682.666,442.765,573.059,737.553,227.222,666.316,643.628,38.8712,796.61,633.117,23.1893,533.354,432.755,919.397,432.255,339.998,577.897,349.507,434.09,438.094,172.668,370.194,312.138,88.7532,465.788,110.107,181.51,507.328,13.0127
374.866,556.376,947.424,565.552,687.671,932.409,572.725,783.764,588.574,617.269,683.834,446.936,587.573,740.722,236.731,669.653,643.461,38.0371,799.446,628.279,18.3512,563.216,435.425,921.398,476.131,340.832,577.23,399.89,433.423,433.923,213.875,371.529,324.817,116.447,463.118,126.457,188.35,506.828,15.0146
404.061,556.376,950.427,594.079,690.006,938.081,599.585,785.599,592.244,642.293,685.335,449.939,603.255,745.394,236.23,672.322,643.127,38.3708,799.613,629.28,14.681,592.578,437.927,923.067,523.177,342,575.728,452.775,433.256,428.918,262.756,373.03,333.992,153.483,461.784,145.809,196.859,507.161,19.519
431.588,555.875,951.928,621.273,692.342,940.918,626.611,788.102,595.414,661.478,686.503,449.605,617.102,748.063,235.73,673.824,642.793,38.7044,799.947,629.447,13.1795,620.772,440.096,924.235,569.722,343.001,574.894,507.995,433.923,424.247,314.473,373.531,343.668,193.022,460.449,165.328,215.544,505.827,33.5327
458.113,555.875,953.263,648.299,695.011,945.088,643.461,788.936,596.749,675.158,687.671,449.772,622.774,748.73,239.567,673.991,642.793,38.5376,800.28,629.447,12.8459,647.965,442.598,925.903,613.265,344.336,576.062,564.551,435.091,421.578,371.529,373.865,350.342,241.402,462.284,182.678,253.247,502.657,50.8829
484.139,556.376,955.432,673.824,697.013,945.589,657.975,790.104,597.75,684.167,689.673,450.439,635.453,751.9,240.735,673.824,642.96,38.5376,800.114,629.948,12.679,674.491,444.6,928.405,654.972,346.338,579.398,620.772,437.927,425.582,427.417,374.532,358.183,290.784,465.621,198.026,309.468,498.319,63.3952
509.664,557.21,958.435,699.015,698.181,950.76,670.821,791.272,598.751,693.51,691.508,450.94,640.124,753.401,240.401,673.824,643.461,38.3708,799.78,630.281,12.3454,700.35,446.102,931.742,695.512,348.84,584.236,675.158,441.764,431.754,486.975,379.537,363.021,349.341,467.956,203.365,374.365,495.817,68.4
535.022,558.378,961.938,723.873,699.849,952.262,684.167,792.106,600.085,703.186,692.842,450.94,639.29,752.4,243.07,674.324,643.461,38.3708,799.446,630.281,12.0117,725.541,447.77,935.913,734.883,351.676,589.909,727.209,446.269,439.595,543.864,385.709,369.027,408.565,469.958,202.531,444.1,494.482,70.5688
559.879,559.379,964.44,748.396,702.018,955.265,698.848,792.606,600.586,713.195,693.51,450.606,640.124,750.732,245.239,674.992,642.793,38.2039,799.78,630.115,11.6781,750.565,449.605,941.084,773.254,354.346,595.914,776.924,450.773,448.27,595.914,391.382,375.032,472.294,472.294,194.189,518.005,495.65,66.5649
584.904,560.547,966.442,772.92,705.021,954.264,714.363,792.773,600.085,722.705,693.009,450.272,643.961,749.731,246.24,675.325,641.793,38.3708,800.114,629.948,11.5112,776.09,452.608,943.587,811.291,356.514,602.087,824.304,455.111,456.946,647.632,395.386,370.528,537.858,474.796,182.178,601.754,494.649,61.8937
609.928,561.381,967.277,796.944,708.024,953.763,730.546,792.773,599.418,731.88,692.509,448.938,650.468,749.564,246.907,675.659,641.125,38.8712,800.447,629.614,11.3444,801.615,455.611,946.089,848.828,358.516,607.926,869.515,459.114,464.453,699.182,399.223,364.522,606.258,477.466,165.495,685.502,494.315,55.3873
634.786,562.382,966.943,820.634,710.526,951.261,747.396,792.606,598.584,743.392,692.175,448.27,657.474,749.731,247.408,675.993,640.792,39.5386,800.948,629.114,11.0107,826.806,458.447,947.924,886.031,360.185,613.765,910.721,461.784,470.959,750.232,401.558,353.511,677.828,480.469,145.308,770.251,494.816,47.0459
659.643,563.049,965.275,844.991,712.528,950.594,765.079,792.606,597.583,754.736,692.008,447.436,663.981,749.731,247.742,676.493,640.291,39.8722,801.615,628.947,11.0107,851.664,461.116,949.759,922.566,361.352,618.603,950.26,463.952,476.131,801.448,402.726,335.994,751.9,483.638,123.621,857.336,496.317,38.3708
685.001,563.216,962.772,869.181,714.363,947.591,783.264,793.107,595.914,765.246,692.175,446.602,669.319,749.397,248.576,677.494,640.124,41.2069,802.783,629.114,11.3444,877.689,463.285,948.425,956.933,362.854,622.107,984.126,465.287,477.799,853.666,402.893,316.809,832.312,486.808,100.932,946.256,498.152,30.5298
710.86,563.049,959.602,893.705,716.198,945.088,800.948,793.941,593.746,775.256,692.342,445.601,673.156,748.73,250.077,678.995,640.124,42.7083,803.617,629.447,12.3454,904.048,465.287,947.257,989.799,364.522,623.608,1014.99,465.788,477.299,906.217,402.059,296.289,914.392,489.978,80.5786,1037.85,502.156,28.1942
737.219,562.549,956.099,918.562,717.7,941.251,817.964,794.608,591.911,785.266,692.676,444.433,676.66,747.562,251.912,679.996,639.624,44.0429,803.951,629.447,12.5122,931.909,466.789,943.42,1016.32,366.858,620.939,1042.18,465.954,474.129,958.768,401.058,276.103,997.973,492.814,62.3942,1128.77,507.662,30.3629
764.412,562.048,952.596,942.085,720.202,936.747,834.647,795.442,589.909,796.443,692.842,443.766,680.664,746.228,253.747,680.664,638.289,45.8781,804.117,629.114,12.1785,960.27,468.29,939.75,1039.01,367.692,615.767,1066.37,466.121,468.457,1011.82,399.723,257.251,1080.89,495.316,52.8849,1214.35,513.668,37.2029
792.606,561.714,949.092,970.446,720.703,933.243,851.163,796.11,588.073,808.789,692.842,443.599,685.335,744.393,256.917,681.498,636.954,48.5473,804.117,628.947,12.1785,989.632,469.791,935.913,1061.37,367.025,609.261,1087.89,466.288,460.95,1061.2,399.389,244.071,1156.79,496.651,50.0488,1290.93,518.005,50.3825
821.468,560.88,945.422,997.973,721.704,929.073,869.348,796.777,586.238,822.969,692.842,443.099,690.34,742.057,261.588,682.332,635.62,52.0508,804.117,628.613,12.1785,1019.66,471.293,931.909,1083.56,364.856,601.587,1108.91,466.121,453.442,1102.91,401.058,234.228,1221.19,498.486,52.5512,1355.82,521.842,65.7308
850.663,559.879,941.585,1024.83,723.372,924.401,890.535,797.444,584.403,838.651,692.842,442.932,699.015,740.889,267.594,682.833,634.452,56.722,804.451,627.946,12.3454,1049.86,472.794,928.405,1107.75,363.354,594.413,1132.1,466.288,447.77,1139.28,402.893,227.722,1269.57,501.823,55.5542,1403.37,525.679,74.0722
881.026,558.712,939.583,1053.69,724.707,921.065,914.392,798.112,582.568,861.507,693.51,442.431,711.694,741.556,273.6,685.836,635.119,62.7278,805.619,628.446,12.8459,1080.05,473.629,925.402,1135.27,364.522,589.575,1157.8,467.623,444.433,1168.64,404.228,224.219,1296.43,505.159,52.5512,1432.4,528.682,70.402
911.722,558.044,937.081,1084.06,724.373,917.728,940.751,798.779,581.4,885.864,694.344,441.597,730.879,744.226,280.273,691.174,637.956,71.403,807.12,630.448,13.1795,1110.25,473.962,923.234,1165.8,366.524,588.073,1193,469.625,444.934,1187.66,409.066,222.717,1308.11,508.162,44.5434,1444.41,532.519,55.8878
942.92,557.544,935.412,1113.75,724.874,914.392,969.279,799.279,580.232,915.726,696.679,438.428,752.067,747.729,288.281,700.016,642.627,82.2469,808.121,633.117,13.68,1142.11,472.794,923.234,1198.34,368.192,589.241,1227.36,471.46,443.766,1202.67,412.736,221.383,1310.11,511.499,35.5347,1443.74,534.688,34.7005
973.616,557.544,935.079,1147.79,722.204,913.391,999.808,800.114,578.731,952.429,700.016,436.259,778.593,750.565,297.79,710.693,646.631,95.4264,810.624,634.118,14.1805,1173.64,471.46,923.901,1230.37,369.527,592.077,1253.56,472.461,443.599,1231.53,414.738,225.553,1326.46,512.166,41.04,1461.43,533.354,25.8586
1003.65,558.044,936.413,1179.15,720.703,914.725,1038.85,801.949,578.231,992.802,702.685,434.59,812.626,752.901,312.138,730.546,649.3,113.944,815.962,634.452,15.682,1203.84,470.459,929.24,1261.4,370.361,596.248,1280.25,472.461,448.437,1253.22,413.403,234.896,1333.13,513,40.039,1464.43,537.858,17.5171
1032.84,558.712,938.916,1209.35,719.535,916.06,1080.05,804.284,577.063,1045.02,707.857,430.753,853.666,751.733,327.653,760.408,650.634,133.13,824.137,635.62,18.8517,1233.04,469.791,934.912,1292.93,371.696,600.919,1307.78,473.629,451.44,1269.74,408.231,233.394,1334.8,514.168,40.7064,1466.93,538.859,16.1824
1061.2,559.212,941.752,1237.87,718.701,917.561,1128.43,807.788,572.892,1098.74,712.361,426.583,900.545,749.731,340.666,797.611,651.469,153.316,843.322,635.453,32.0312,1261.23,469.291,940.584,1325.63,373.698,606.091,1333.3,475.964,452.274,1292.76,405.729,234.228,1335.97,514.669,40.8732,1468.1,539.526,15.3483
1087.39,559.546,943.754,1264.23,718.367,919.23,1176.48,810.958,568.888,1153.46,716.699,421.911,954.764,751.066,349.507,840.987,652.636,174.67,864.51,634.285,47.5464,1288.76,469.124,943.42,1347.48,372.864,607.926,1348.15,474.296,453.442,1298.6,405.729,240.568,1336.14,514.502,40.3727,1467.93,539.359,15.1815
1113.59,559.712,946.757,1288.92,719.201,921.899,1212.85,811.458,570.723,1207.84,719.869,420.577,1010.65,752.234,359.517,889.701,651.469,193.689,915.559,642.46,64.3961,1315.95,469.625,946.089,1361.33,371.195,607.759,1356.82,472.127,452.608,1301.77,403.894,241.068,1335.8,513.668,40.3727,1467.76,538.525,15.1815
1138.94,559.712,950.594,1313.28,720.202,925.736,1249.05,811.291,573.559,1261.9,721.203,427.25,1067.37,751.9,369.694,943.92,650.301,205.367,972.949,650.134,76.9083,1341.81,470.792,949.593,1373.34,369.36,607.092,1364.66,469.958,452.441,1303.6,403.06,240.902,1335.8,513,40.2059,1467.43,537.691,15.0146
1163.8,559.879,954.931,1337.3,721.036,930.574,1285.92,810.123,577.396,1314.95,721.704,436.592,1123.26,748.563,379.704,1003.31,651.302,210.372,1036.51,657.141,83.4147,1366,472.461,952.929,1385.68,368.693,606.758,1373.84,469.124,452.441,1304.94,403.894,242.069,1335.47,512.667,40.039,1467.1,537.024,14.8478
1188.16,559.879,959.436,1361.49,721.036,935.913,1322.96,809.122,582.234,1366,721.704,447.436,1177.31,743.892,388.379,1064.37,652.303,208.537,1104.74,662.98,84.2488,1390.19,471.627,954.931,1399.7,369.027,606.425,1383.85,469.625,452.108,1305.77,405.562,245.573,1335.3,512.667,40.2059,1466.93,536.69,14.681
1213.02,560.88,961.604,1386.69,719.869,940.918,1360.16,809.122,587.406,1414.21,721.871,457.446,1229.37,739.721,395.052,1127.43,654.805,200.362,1176.98,667.651,80.0781,1414.21,470.125,956.266,1414.21,370.361,605.591,1392.52,470.459,451.607,1309.94,406.063,246.574,1335.97,512.833,41.3737,1467.1,536.523,14.3473
1237.54,562.382,963.773,1412.38,718.367,944.922,1398.36,810.624,593.078,1459.92,722.705,466.121,1278.41,739.388,389.547,1193.66,657.474,185.514,1251.55,671.488,72.7376,1438.24,467.789,956.933,1428.56,371.696,604.59,1399.7,471.126,451.273,1313.78,406.563,247.408,1335.8,513.334,40.8732,1466.26,536.19,14.0137
1262.06,564.217,965.441,1438.24,717.366,947.591,1437.9,813.627,598.584,1503.3,724.206,472.961,1327.13,740.055,380.538,1262.56,660.811,167.497,1335.3,676.993,62.8947,1462.09,466.789,956.266,1442.41,373.03,603.422,1406.71,471.793,450.773,1316.78,407.397,248.242,1335.97,513.834,41.2069,1467.1,536.356,14.0137
1286.75,566.719,965.108,1463.93,716.866,948.592,1477.44,817.631,603.255,1545.17,726.876,477.632,1379.51,748.563,361.186,1334.97,664.982,145.976,1419.72,682.165,52.0508,1485.78,466.121,955.599,1456.09,374.532,601.92,1413.71,472.294,450.106,1319.29,408.065,249.577,1336.3,514.168,41.3737,1467.76,536.69,14.3473
1311.61,569.389,963.106,1489.79,717.033,948.425,1515.48,821.301,606.592,1584.21,729.545,480.135,1433.23,757.072,339.831,1411.54,670.32,122.62,1508.64,687.504,41.8742,1509.81,466.288,953.43,1470.1,376.033,600.085,1421.22,472.628,449.939,1322.46,408.565,250.911,1336.47,514.669,41.5405,1468.1,536.69,14.1805
1336.47,572.225,960.437,1516.15,717.533,946.923,1550.68,823.47,607.759,1618.91,731.38,480.302,1488.28,765.747,316.475,1492.12,676.493,99.4303,1598.23,692.842,33.6995,1533.83,466.455,950.594,1484.78,377.368,597.916,1429.56,472.961,449.271,1326.46,408.899,251.579,1336.8,515.169,41.8742,1468.77,536.356,13.68
1361.66,575.061,957.267,1543.34,718.534,944.421,1582.21,823.803,606.758,1649.61,732.381,477.966,1543.17,773.755,292.785,1575.04,681.832,77.4088,1688.15,698.181,29.362,1559.69,466.455,948.091,1500.96,378.703,595.247,1439.57,473.462,447.937,1330.96,409.232,252.58,1337.3,515.336,42.7083,1469.27,536.023,13.5132
1387.52,578.397,953.763,1571.53,719.702,941.251,1609.74,824.304,603.589,1677.8,733.382,474.796,1595.22,780.094,271.765,1656.78,690.173,64.2293,1776.07,702.852,30.6966,1584.38,466.955,944.087,1518.81,379.704,592.244,1450.91,473.962,446.435,1335.97,410.067,254.415,1338.14,515.669,44.0429,1469.27,536.023,13.1795
1413.88,582.234,949.926,1600.56,720.536,937.414,1634.43,826.973,599.418,1700.32,734.55,465.788,1643.94,784.598,253.414,1734.69,696.179,52.3844,1860.81,707.69,36.7025,1607.9,467.456,939.416,1537.33,380.705,588.908,1463.26,474.63,445.101,1341.81,411.401,257.251,1338.81,516.337,45.5444,1469.1,536.19,13.0127
1440.74,586.238,945.589,1630.09,721.036,933.911,1655.95,830.81,595.08,1721.68,735.217,457.112,1685.81,786.434,240.401,1802.59,702.852,47.0459,1932.22,713.029,47.7132,1631.59,467.623,934.745,1555.85,381.539,585.738,1477.44,475.297,443.933,1348.82,413.069,260.754,1339.81,516.837,48.3805,1469.43,536.19,12.8459
1468.43,590.576,942.252,1660.12,721.537,930.908,1673.8,832.812,590.91,1742.37,736.218,450.272,1720.51,786.1,231.059,1858.48,709.025,48.3805,1987.6,718.701,57.723,1657.62,468.457,930.741,1574.37,382.039,583.569,1493.62,476.465,443.266,1357.99,414.404,265.259,1341.64,517.004,52.7181,1470.1,536.523,12.679
1496.13,594.413,940.25,1690.32,722.371,928.739,1703.49,834.814,588.741,1764.22,737.386,445.601,1753.04,787.935,222.717,1901.02,712.195,51.0498,2029.81,720.703,62.7278,1685.64,470.125,927.738,1593.89,382.373,582.234,1511.14,477.466,442.932,1370,415.238,271.098,1345.15,516.337,58.7239,1470.77,536.523,12.8459
1526.66,598.25,938.916,1720.68,723.706,927.905,1734.52,835.315,587.239,1787.58,738.22,443.266,1787.58,795.442,223.218,1927.71,714.697,49.5483,2056.51,719.034,60.0586,1714.84,471.96,925.569,1615.91,382.873,581.734,1534.33,477.966,442.932,1384.52,415.238,278.939,1349.65,514.335,66.5649,1471.77,536.356,13.1795
1557.52,601.42,938.415,1751.37,726.041,927.905,1765.89,835.648,587.073,1818.27,739.888,443.099,1812.1,800.447,224.719,1939.06,713.195,43.8761,2068.68,713.529,48.5473,1745.2,474.463,924.068,1640.77,383.541,581.734,1559.35,478.3,443.599,1405.04,413.57,286.78,1355.49,511.499,75.9074,1473.27,535.856,13.5132
1588.88,604.59,938.248,1782.91,729.378,928.739,1798.42,837.15,587.907,1849.97,741.556,442.765,1831.29,802.282,225.386,1942.73,711.694,36.3688,2071.85,706.689,34.2,1776.57,477.632,923.567,1672.63,385.042,581.567,1591.22,478.8,442.431,1427.89,411.735,295.788,1364.66,507.495,88.0859,1475.61,535.022,13.8468
1620.08,607.593,940.918,1814.1,733.048,930.908,1832.45,839.152,588.908,1875.33,742.891,442.098,1851.31,803.45,225.386,1954.41,712.028,39.0381,2085.37,707.023,24.5239,1808.26,480.969,924.401,1706.66,386.71,581.567,1628.25,479.634,440.263,1458.59,411.234,305.965,1378.18,504.659,102.266,1478.94,534.688,14.5142
1650.61,609.594,944.254,1844.13,736.552,934.745,1853.81,841.487,592.745,1894.35,745.394,445.601,1873.99,806.286,233.061,1961.25,712.195,39.3717,2089.87,703.186,17.0166,1839.29,484.472,926.403,1747.7,389.38,581.4,1672.13,480.969,438.261,1493.79,413.069,318.144,1400.37,503.491,120.117,1482.61,535.022,15.3483
1679.64,610.595,947.591,1872.49,740.055,939.917,1876.83,844.157,595.581,1915.2,747.896,448.104,1884.5,809.956,235.229,1964.42,712.028,39.5386,2092.21,702.852,15.8488,1868.32,488.143,928.572,1794.75,391.549,580.9,1721.68,481.136,435.091,1533.5,417.908,331.49,1431.4,504.992,138.635,1490.79,535.522,16.1824
1707.33,611.096,949.259,1899.52,743.558,944.755,1902.86,847.66,598.751,1936.56,750.398,449.438,1898.52,812.459,235.897,1965.92,711.861,39.7054,2093.88,702.852,14.8478,1895.68,491.646,929.573,1840.63,393.717,579.899,1772.4,482.304,431.087,1576.2,424.414,345.504,1466.76,506.661,157.153,1504.63,536.356,26.1922
1734.36,611.763,950.093,1925.54,747.062,948.425,1920.87,850.496,600.586,1949.9,753.068,450.606,1899.19,810.123,237.899,1966.42,711.694,39.5386,2094.38,703.019,14.1805,1921.87,495.316,930.574,1884.5,396.053,579.232,1823.95,484.472,427.25,1625.92,429.252,355.513,1506.47,508.663,175.171,1524.65,537.691,40.8732
1758.38,613.265,951.761,1950.74,750.565,951.094,1935.55,852.832,601.92,1958.91,755.737,451.44,1904.36,812.459,240.067,1966.42,712.028,39.3717,2094.38,703.186,14.1805,1947.57,498.653,932.743,1921.37,397.054,582.902,1876.33,486.975,428.585,1677.47,433.589,364.522,1553.52,513.501,189.685,1565.03,534.521,56.0547
1782.07,615.434,954.431,1975.09,753.735,953.597,1947.4,854.667,602.754,1966.92,758.239,452.108,1911.53,815.962,241.068,1965.92,712.361,39.0381,2094.04,703.519,13.8468,1972.42,501.656,935.579,1957.74,399.89,586.238,1927.88,490.812,431.754,1730.69,438.428,372.029,1601.9,519.006,203.198,1622.08,531.685,66.5649
1807.26,618.436,957.934,1999.28,756.404,956.099,1959.41,856.335,604.423,1974.93,760.241,452.608,1914.03,817.13,241.402,1965.08,712.695,38.3708,2093.54,703.853,13.3463,1996.78,504.158,938.916,1993.11,403.727,590.242,1978.76,495.817,436.926,1784.91,444.767,377.201,1659.28,523.677,206.201,1686.48,530.184,71.2361
1831.45,621.273,961.271,2023.14,759.074,957.934,1972.42,858.003,605.757,1983.1,761.91,453.109,1916.37,817.798,242.236,1964.92,712.695,38.3708,2093.54,704.187,13.1795,2020.64,506.828,942.419,2028.65,407.564,595.247,2027.81,501.322,445.434,1838.13,451.941,379.87,1717.84,527.681,203.031,1755.38,530.517,71.5698
1855.31,623.441,963.94,2046.66,762.243,958.435,1986.44,859.338,605.924,1989.94,763.078,453.275,1918.2,817.798,243.738,1965.75,712.862,39.0381,2093.88,704.52,13.3463,2044.16,509.997,945.422,2064.85,411.234,600.252,2075.02,506.661,453.109,1889.51,459.114,381.539,1777.4,531.852,193.188,1828.45,533.52,66.7317
1879.17,625.61,964.941,2070.02,765.914,957.934,2000.28,860.506,605.757,1996.11,764.078,453.275,1919.87,817.464,244.906,1966.25,712.361,39.2049,2094.21,704.52,13.3463,2067.85,513.167,947.758,2101.05,414.404,605.09,2119.23,511.832,459.949,1939.39,462.117,373.698,1840.8,535.355,178.174,1907.69,537.19,59.3913
1902.36,627.112,966.609,2093.04,769.751,956.766,2013.96,861.507,605.591,2002.62,765.079,452.274,1921.37,817.13,245.406,1966.42,711.527,39.0381,2094.54,704.52,13.3463,2091.54,516.504,949.259,2137.75,417.407,610.095,2161.11,517.004,465.954,1989.11,464.62,362.353,1907.36,539.86,160.156,1987.1,542.029,50.8829
1925.54,628.112,967.11,2115.73,773.254,955.098,2027.64,862.007,604.756,2011.96,765.246,452.942,1926.38,817.297,247.241,1967.25,711.36,39.8722,2094.88,704.687,13.1795,2115.23,519.507,950.093,2174.62,420.076,615.267,2200.31,521.675,471.293,2039.16,466.288,347.172,1977.43,544.531,138.302,2072.02,546.7,41.7073
1949.4,628.78,965.441,2137.75,776.257,952.596,2042.49,862.675,603.422,2021.8,765.58,452.274,1932.22,817.631,248.409,1968.09,711.027,40.8732,2095.04,704.52,13.0127,2139.25,522.343,949.593,2209.99,423.246,619.104,2236.68,525.846,475.297,2089.7,467.789,329.154,2051.5,549.369,115.279,2158.77,552.038,33.199
1973.26,628.947,963.106,2160.27,778.759,949.759,2058.51,863.342,601.587,2033.15,765.413,450.94,1938.89,817.631,249.243,1968.59,710.193,41.04,2095.04,704.354,12.8459,2164.61,525.346,948.091,2242.35,427.083,620.772,2268.38,529.016,475.797,2140.09,468.79,309.135,2129.58,553.373,93.5913,2246.86,557.877,25.5249
1997.45,628.613,960.603,2182.46,781.262,946.423,2075.19,863.842,599.251,2045.66,764.913,449.605,1945.4,816.963,250.578,1969.42,709.358,41.5405,2095.21,704.187,12.5122,2190.97,529.016,945.756,2271.05,431.087,620.105,2296.91,531.518,474.796,2189.97,469.625,288.615,2209.15,557.21,74.2391,2336.45,564.717,22.8556
2021.97,628.112,957.934,2202.98,784.598,942.419,2092.37,864.176,596.582,2058.34,764.412,448.27,1951.57,815.462,252.246,1969.92,708.024,42.2078,2095.88,703.686,12.1785,2217.83,532.352,942.419,2295.74,434.59,617.102,2320.1,533.02,470.626,2238.52,470.626,269.096,2290.4,560.713,59.2244,2424.7,572.058,28.5278
2047.33,627.612,954.764,2224.84,787.435,938.415,2109.72,864.51,593.912,2072.19,764.078,446.936,1957.74,813.627,254.248,1970.92,706.356,43.8761,2096.21,703.019,11.8449,2245.19,535.022,938.749,2317.76,436.592,611.93,2340.62,534.021,463.118,2286.23,471.293,251.078,2369.64,563.55,48.3805,2504.94,577.563,36.3688
2073.52,627.112,951.261,2248.53,789.603,934.411,2126.91,864.843,591.577,2086.87,763.745,445.434,1964.75,811.792,256.75,1972.92,705.021,46.0449,2096.38,702.852,11.5112,2273.05,537.524,934.912,2337.95,436.092,605.424,2360.47,534.521,456.278,2332.11,471.627,238.232,2438.88,565.218,48.881,2576.68,582.568,50.2156
2100.21,626.778,947.924,2273.88,791.272,930.24,2144.92,865.177,588.908,2102.88,763.411,443.766,1972.92,809.79,260.254,1974.76,703.853,48.0469,2096.71,703.353,11.6781,2301.24,539.526,930.741,2356.3,434.09,598.584,2380.15,534.855,449.939,2374.82,471.793,229.557,2501.61,567.22,52.3844,2635.4,588.24,62.561
2127.57,626.444,944.421,2300.91,792.439,926.403,2164.61,865.511,586.739,2120.73,763.578,442.098,1982.77,808.288,264.925,1976.43,703.353,51.5503,2097.04,703.519,11.8449,2329.44,541.194,926.737,2382.49,434.09,594.079,2402.84,535.689,445.935,2412.52,469.958,224.385,2545.48,570.723,53.0517,2679.45,593.412,70.402
2155.77,626.444,940.751,2328.94,792.94,923.067,2186.97,866.011,584.904,2141.09,764.078,441.264,1995.11,808.622,270.931,1978.93,704.354,57.5561,2097.71,703.686,12.1785,2357.13,542.029,923.901,2410.02,435.758,590.409,2431.54,537.19,444.767,2440.71,470.792,223.385,2569.84,572.225,51.5503,2703.97,598.917,68.0664
2184.46,626.778,938.248,2358.13,792.773,920.064,2212.66,866.679,583.235,2164.11,764.245,440.93,2009.79,810.457,277.27,1982.77,706.189,65.8976,2099.05,704.687,12.8459,2383.99,542.529,921.398,2439.88,437.927,589.241,2464.07,539.193,444.267,2457.23,474.796,222.717,2576.35,574.56,43.5425,2711.31,603.088,48.881
2213.99,627.612,937.081,2388.66,791.772,917.561,2241.35,867.68,581.567,2190.14,765.079,439.095,2030.65,814.294,283.109,1987.1,708.024,74.9064,2100.72,706.022,13.3463,2414.35,541.194,922.066,2470.24,439.095,590.576,2496.6,541.028,442.932,2472.58,478.133,221.716,2580.35,578.397,36.0351,2713.81,604.423,31.6976
2243.69,628.112,937.081,2420.03,790.771,916.394,2271.55,868.68,580.399,2222.83,766.748,437.26,2055.67,818.131,292.285,1998.62,712.195,87.9191,2103.05,706.856,14.0137,2443.88,540.027,924.401,2498.1,439.762,593.245,2518.96,541.194,445.601,2501.27,480.969,226.721,2595.36,578.231,41.04,2728.99,602.421,23.5229
2272.38,628.78,940.083,2450.22,790.271,916.727,2307.92,870.182,579.565,2262.04,767.582,435.758,2085.53,821.468,304.297,2012.13,715.865,102.6,2107.05,707.69,15.5151,2473.25,539.526,929.573,2524.3,439.595,596.248,2543.98,541.528,449.271,2514.95,481.136,234.228,2600.2,577.563,39.3717,2732.83,605.757,15.8488
2300.58,629.447,943.086,2478.25,790.104,917.728,2349.46,872.518,579.065,2309.09,772.754,433.423,2121.4,821.468,318.144,2036.32,717.867,122.119,2113.9,708.357,18.3512,2501.11,539.359,935.245,2551.65,440.096,599.084,2569.51,542.529,451.44,2528.97,476.465,233.394,2603.21,578.564,39.5386,2735.67,606.758,16.0156
2327.77,629.948,945.589,2504.61,789.77,919.23,2393.17,875.02,577.23,2358.13,778.259,430.42,2162.11,818.131,334.993,2070.52,719.535,141.638,2123.74,707.69,21.6878,2528.47,538.859,940.083,2579.68,441.597,602.254,2592.7,544.698,451.273,2551.99,473.795,234.562,2604.71,579.398,40.3727,2736.67,608.093,13.68
2353.96,630.281,947.924,2530.8,789.103,921.398,2436.21,877.189,575.228,2409.68,780.928,426.082,2209.65,817.13,345.003,2107.22,721.37,160.824,2141.09,708.691,33.5327,2555.33,538.191,943.587,2607.21,443.266,605.924,2608.54,544.031,453.776,2562,472.961,239.066,2605.04,579.732,40.5395,2736.67,608.093,14.8478
2379.32,630.615,950.427,2555.99,788.769,924.235,2474.58,879.358,573.726,2461.4,784.098,424.08,2261.21,818.298,353.678,2152.43,722.705,179.342,2172.12,708.357,50.5493,2581.52,538.025,946.423,2623.56,442.598,606.592,2620.05,543.196,452.608,2569.01,471.46,241.068,2604.87,579.565,40.3727,2736.33,607.593,13.5132
2404.51,630.615,952.929,2580.18,789.27,927.404,2506.94,879.358,575.728,2512.12,787.101,428.251,2314.76,818.632,365.523,2198.48,722.538,198.026,2220,716.198,66.8986,2607.04,538.358,949.426,2637.57,441.097,606.925,2628.9,541.528,453.275,2572.01,470.459,241.235,2604.87,579.065,39.5386,2736.67,607.092,14.681
2427.87,630.782,956.266,2605.37,789.603,931.241,2540.48,879.191,578.898,2562.83,789.437,434.59,2368.64,817.798,377.535,2251.7,722.037,206.702,2277.55,723.706,76.5747,2631.23,539.693,951.761,2650.08,439.762,606.758,2637.57,540.027,452.608,2572.68,470.959,242.403,2604.71,578.731,40.039,2735.67,606.925,13.68
2451.89,630.949,959.769,2633.07,789.27,935.913,2575.18,878.857,582.568,2612.21,791.438,443.099,2421.7,814.294,385.042,2308.42,723.038,207.703,2339.95,729.378,80.7454,2655.09,540.193,954.097,2662.76,439.262,606.091,2646.75,539.526,452.274,2573.68,472.127,244.238,2604.87,578.564,40.3727,2736.33,606.258,14.681
2476.25,631.449,962.772,2657.76,788.936,939.583,2609.21,879.024,585.905,2658.93,793.607,452.274,2473.25,810.123,392.549,2367.64,725.04,201.864,2407.51,736.218,80.4118,2678.78,539.86,956.099,2675.61,439.428,605.257,2654.59,539.526,451.941,2576.35,472.461,245.573,2605.04,578.731,40.3727,2736.33,605.757,13.8468
2500.44,632.45,965.275,2683.45,787.768,942.92,2645.58,881.026,589.742,2704.14,795.442,459.782,2519.29,808.622,393.55,2429.2,727.376,192.354,2478.58,740.889,73.5717,2701.97,538.525,955.432,2688.62,440.096,604.923,2660.93,539.359,451.607,2580.52,472.127,246.407,2604.87,578.898,39.3717,2736.33,605.424,13.1795
2524.46,633.952,966.609,2700.8,789.603,942.92,2682.28,884.196,594.079,2748.68,797.111,463.619,2564.67,810.624,383.874,2493.26,730.212,177.173,2558.66,752.901,64.563,2725.32,537.024,955.432,2701.8,440.763,604.423,2667.43,539.193,450.94,2584.02,472.127,247.241,2605.71,578.731,40.8732,2736.5,605.424,13.5132
2548.15,635.954,966.442,NaN,NaN,NaN,2719.82,888.2,599.251,2787.05,800.948,473.462,2612.21,816.129,367.025,2560.66,733.215,156.653,2637.07,756.571,54.8869,NaN,NaN,NaN,2714.98,441.764,602.921,2674.78,539.193,450.606,2586.86,472.127,248.075,2605.21,579.565,39.7054,2736.84,605.591,14.0137
2571.67,638.289,965.608,NaN,NaN,NaN,2757.36,892.704,603.922,2826.92,803.617,473.295,2661.76,823.637,347.672,2630.73,737.219,131.462,2718.32,761.576,44.3766,NaN,NaN,NaN,2729.16,442.932,601.253,2682.12,539.526,450.439,2589.86,472.794,249.41,2605.54,580.232,41.3737,2736.67,605.924,12.8459
2595.7,640.792,963.94,NaN,NaN,NaN,2793.06,896.708,606.425,2863.29,804.785,473.795,2713.31,832.812,324.817,2706.14,743.392,107.772,2803.07,766.915,34.0332,NaN,NaN,NaN,2744.18,444.6,599.251,2688.29,540.193,448.604,2592.86,473.795,250.911,2605.71,581.067,39.7054,2736.84,605.924,10.5103
2620.22,643.628,961.938,NaN,NaN,NaN,2825.42,899.043,606.758,2891.65,809.623,473.962,2765.36,841.154,301.627,2782.38,749.564,84.5825,2890.15,774.756,29.1951,NaN,NaN,NaN,2759.86,446.435,597.082,2699.47,540.861,448.771,2596.7,474.796,252.079,2606.71,580.733,42.3747,2737.17,605.757,13.1795
2644.75,647.298,959.769,NaN,NaN,NaN,2853.78,899.21,604.923,2918.51,810.958,471.293,2814.41,846.993,280.607,2859.12,758.907,66.2313,2980.07,780.428,25.5249,NaN,NaN,NaN,2776.71,448.604,594.747,2709.81,542.195,447.603,2601.87,475.797,253.914,2607.54,581.067,43.3756,2737.34,605.424,9.84293
2669.77,651.135,957.1,NaN,NaN,NaN,2878.14,899.377,601.253,2941.03,811.458,464.787,2860.29,850.162,261.588,2936.7,768.917,49.2147,NaN,NaN,NaN,NaN,NaN,NaN,2794.23,450.606,592.411,2721.49,543.53,446.435,2608.04,477.299,256.75,2608.04,582.068,45.2108,2738.17,605.424,11.8449
2695.3,655.473,953.93,NaN,NaN,NaN,2898.49,901.546,595.914,2961.05,812.125,456.278,2903.5,851.831,245.072,3018.28,774.756,42.041,3140.73,797.278,35.7015,NaN,NaN,NaN,2811.24,452.274,590.075,2734.83,544.698,445.601,2614.72,478.8,260.587,2609.21,582.568,49.0478,2738.5,605.591,12.3454
2721.65,660.311,950.594,NaN,NaN,NaN,2915.51,904.882,590.409,2980.41,812.292,448.437,2945.37,852.665,230.391,3085.68,782.43,40.3727,3209.96,803.45,45.8781,NaN,NaN,NaN,2827.76,453.609,587.907,2750.35,545.866,445.601,2622.72,480.469,265.259,2611.21,582.902,53.5522,2738.34,606.091,11.6781
2748.85,665.482,947.591,NaN,NaN,NaN,2931.03,907.385,585.905,2999.76,812.292,442.265,2984.08,856.001,220.548,3134.89,788.602,46.0449,3268.85,806.119,56.3883,NaN,NaN,NaN,2845.94,454.443,586.572,2768.7,547.2,446.602,2632.9,481.303,270.264,2613.55,582.568,58.7239,2738.67,605.757,10.0098
2776.37,670.654,945.088,NaN,NaN,NaN,2959.39,909.053,582.568,3021.28,813.293,438.261,3020.61,863.509,215.043,3182.1,791.605,48.0469,3307.23,807.287,67.8995,NaN,NaN,NaN,2866.63,455.611,586.071,2789.55,548.201,446.769,2646.75,481.303,276.436,2616.89,581.067,64.563,2740.17,604.59,12.679
2804.07,675.325,943.42,NaN,NaN,NaN,2988.75,910.388,580.232,3046.3,814.961,435.591,3050.47,871.35,217.712,3197.95,792.773,45.0439,3323.74,806.119,61.8937,NaN,NaN,NaN,2890.32,456.946,585.404,2810.91,549.035,445.101,2664.1,480.469,283.777,2622.06,578.564,72.2371,2742.01,603.255,14.681
2832.76,679.329,942.252,NaN,NaN,NaN,3019.11,911.556,579.398,3079.67,818.465,437.26,3071.66,873.685,218.38,3206.13,790.771,41.3737,3338.26,796.443,48.3805,NaN,NaN,NaN,2917.34,458.781,584.07,2836.6,549.87,443.599,2684.12,479.468,290.95,2629.73,575.728,82.2469,2743.68,602.754,16.5161
2861.62,682.666,942.252,NaN,NaN,NaN,3052.81,915.893,583.235,3110.7,821.635,439.428,3091.51,874.686,219.714,NaN,NaN,NaN,3350.27,796.777,27.36,NaN,NaN,NaN,2947.71,461.283,582.735,2868.8,552.038,441.764,2706.81,478.633,298.625,2638.74,572.725,92.2566,NaN,NaN,NaN
2889.99,685.168,943.92,NaN,NaN,NaN,3082.84,920.231,588.24,3138.23,824.471,443.266,3117.04,878.19,227.388,NaN,NaN,NaN,3373.62,790.271,14.8478,NaN,NaN,NaN,2982.41,464.787,582.068,2902.83,554.541,439.262,2736.84,478.8,307.3,2653.09,570.89,107.271,NaN,NaN,NaN
2918.01,687.003,946.423,NaN,NaN,NaN,3109.37,924.235,593.245,3162.08,829.642,447.603,3125.21,882.194,233.728,NaN,NaN,NaN,3375.63,789.437,14.1805,NaN,NaN,NaN,3022.28,468.457,582.234,2947.54,556.543,438.094,2771.37,484.139,321.146,2674.61,572.058,124.622,NaN,NaN,NaN
2945.04,688.838,949.426,NaN,NaN,NaN,3134.56,928.405,596.915,3185.27,833.813,451.273,3139.56,887.699,236.064,NaN,NaN,NaN,3377.29,789.103,13.5132,NaN,NaN,NaN,3065.99,472.461,581.901,2996.59,558.044,437.093,2807.91,491.98,334.993,2705.97,575.394,141.304,NaN,NaN,NaN
2970.73,691.174,952.095,NaN,NaN,NaN,3154.91,932.242,598.751,3202.46,836.315,454.443,3149.74,889.534,238.065,NaN,NaN,NaN,3378.29,788.936,13.0127,NaN,NaN,NaN,3108.53,476.131,581.901,NaN,NaN,NaN,2845.61,500.822,347.839,2738.67,578.231,158.488,NaN,NaN,NaN
2995.59,693.676,954.097,NaN,NaN,NaN,3168.92,934.244,599.918,3212.47,838.484,452.441,3156.74,890.535,239.734,NaN,NaN,NaN,3378.29,788.936,12.8459,NaN,NaN,NaN,3146.57,479.301,583.736,NaN,NaN,NaN,2893.66,507.829,358.349,2780.71,577.396,174.837,NaN,NaN,NaN
3019.44,696.346,956.6,NaN,NaN,NaN,3182.1,936.747,601.754,3223.81,840.486,452.441,3162.25,893.037,241.402,NaN,NaN,NaN,3377.79,789.27,12.679,NaN,NaN,NaN,3182.1,482.804,586.906,NaN,NaN,NaN,2943.2,514.669,368.693,2821.75,585.237,192.021,NaN,NaN,NaN
3042.3,699.015,959.769,NaN,NaN,NaN,3194.11,939.249,603.422,3230.48,843.156,454.777,3166.59,895.206,243.404,NaN,NaN,NaN,3377.46,789.937,12.679,NaN,NaN,NaN,3219.47,486.975,591.076,NaN,NaN,NaN,2993.59,521.842,378.536,2864.79,592.912,206.868,NaN,NaN,NaN
3064.49,701.184,963.106,NaN,NaN,NaN,3205.79,941.418,604.923,3238.32,845.324,452.775,3167.42,894.706,242.57,NaN,NaN,NaN,3376.46,790.938,13.0127,NaN,NaN,NaN,3260.35,490.645,597.249,NaN,NaN,NaN,3044.64,529.516,384.875,2917.34,598.083,207.202,NaN,NaN,NaN
3086.34,703.353,965.775,NaN,NaN,NaN,3217.97,943.253,606.091,3245,846.659,454.944,3168.42,894.205,245.74,NaN,NaN,NaN,3375.96,791.272,12.8459,NaN,NaN,NaN,3292.04,496.651,600.419,NaN,NaN,NaN,3096.35,537.357,390.047,2972.06,602.921,207.202,NaN,NaN,NaN
3108.03,704.854,967.777,NaN,NaN,NaN,3230.82,944.588,607.092,3251.67,847.493,455.444,3171.76,894.205,247.074,NaN,NaN,NaN,3376.96,790.938,12.5122,NaN,NaN,NaN,3327.58,501.656,604.256,NaN,NaN,NaN,3143.06,543.53,388.712,3024.62,607.926,198.694,NaN,NaN,NaN
3129.89,706.022,968.945,NaN,NaN,NaN,3242.5,945.756,607.593,3257.84,847.994,455.778,3175.6,894.539,247.241,NaN,NaN,NaN,3378.63,790.271,12.3454,NaN,NaN,NaN,3367.78,506.16,610.262,NaN,NaN,NaN,3190.94,545.532,380.204,3083.84,612.931,188.017,NaN,NaN,NaN
3151.41,707.023,968.945,NaN,NaN,NaN,3253.51,946.59,607.926,3264.68,848.16,455.945,3178.1,894.706,248.743,NaN,NaN,NaN,3379.63,789.937,12.1785,NaN,NaN,NaN,3396.65,512.5,616.434,NaN,NaN,NaN,3238.49,548.034,368.86,3145.23,618.103,172.502,NaN,NaN,NaN
3172.76,707.857,968.611,NaN,NaN,NaN,3265.52,947.09,608.26,3273.03,847.827,455.444,3180.94,894.873,250.578,NaN,NaN,NaN,3380.63,789.437,11.8449,NaN,NaN,NaN,3427.51,517.171,620.939,NaN,NaN,NaN,3287.71,549.87,354.679,3210.46,623.608,151.481,NaN,NaN,NaN
3194.45,708.357,967.944,NaN,NaN,NaN,3277.53,948.091,608.093,3278.53,848.828,456.111,3184.11,894.706,251.245,NaN,NaN,NaN,3382.47,788.936,11.3444,NaN,NaN,NaN,3460.88,520.841,623.942,NaN,NaN,NaN,3336.92,551.705,338.83,3278.2,629.781,129.293,NaN,NaN,NaN
3215.47,709.025,967.777,NaN,NaN,NaN,3288.54,949.426,606.592,3287.04,849.161,454.276,3187.27,894.372,253.08,NaN,NaN,NaN,3383.13,788.602,11.6781,NaN,NaN,NaN,3494.91,524.512,626.111,NaN,NaN,NaN,3384.63,554.374,322.481,3348.77,636.788,107.104,NaN,NaN,NaN
